{"name":"user_should_be_able_to_navigate_to_given_category_valid","id":"org.example.features.search.ValidCategoryNavigationStory:user_should_be_able_to_navigate_to_given_category_valid","testCaseName":"org.example.features.search.ValidCategoryNavigationStory","testSteps":[{"number":1,"description":"User should be able to navigate to given category valid Desiree Fitness Tee","duration":2309,"startTime":"2025-05-03T14:22:15.110796700+03:00[Asia/Beirut]","result":"SUCCESS","precondition":false,"level":0,"children":[{"number":2,"description":"Is the home page","duration":858,"startTime":"2025-05-03T14:22:05.164596900+03:00[Asia/Beirut]","result":"SUCCESS","precondition":false,"level":1},{"number":3,"description":"Navigate to category: Women, Tops, Tees","duration":1237,"startTime":"2025-05-03T14:22:06.023498100+03:00[Asia/Beirut]","result":"SUCCESS","precondition":false,"level":1},{"number":4,"description":"Should see product with title: Desiree Fitness Tee","duration":214,"startTime":"2025-05-03T14:22:07.261933400+03:00[Asia/Beirut]","result":"SUCCESS","precondition":false,"level":1}]},{"number":5,"description":"User should be able to navigate to given category valid Juno Jacket","duration":2362,"startTime":"2025-05-03T14:22:15.110796700+03:00[Asia/Beirut]","result":"SUCCESS","precondition":false,"level":0,"children":[{"number":6,"description":"Is the home page","duration":864,"startTime":"2025-05-03T14:22:07.640795600+03:00[Asia/Beirut]","result":"SUCCESS","precondition":false,"level":1},{"number":7,"description":"Navigate to category: Women, Tops, Jackets","duration":1310,"startTime":"2025-05-03T14:22:08.505326400+03:00[Asia/Beirut]","result":"SUCCESS","precondition":false,"level":1},{"number":8,"description":"Should see product with title: Juno Jacket","duration":188,"startTime":"2025-05-03T14:22:09.816332+03:00[Asia/Beirut]","result":"SUCCESS","precondition":false,"level":1}]},{"number":9,"description":"User should be able to navigate to given category valid Circe Hooded Ice Fleece","duration":2273,"startTime":"2025-05-03T14:22:15.110796700+03:00[Asia/Beirut]","result":"SUCCESS","precondition":false,"level":0,"children":[{"number":10,"description":"Is the home page","duration":848,"startTime":"2025-05-03T14:22:10.146276+03:00[Asia/Beirut]","result":"SUCCESS","precondition":false,"level":1},{"number":11,"description":"Navigate to category: Women, Tops, Hoodies \u0026 Sweatshirts","duration":1238,"startTime":"2025-05-03T14:22:10.995669+03:00[Asia/Beirut]","result":"SUCCESS","precondition":false,"level":1},{"number":12,"description":"Should see product with title: Circe Hooded Ice Fleece","duration":187,"startTime":"2025-05-03T14:22:12.233768100+03:00[Asia/Beirut]","result":"SUCCESS","precondition":false,"level":1}]},{"number":13,"description":"User should be able to navigate to given category valid Cassius Sparring Tank","duration":2404,"startTime":"2025-05-03T14:22:15.110796700+03:00[Asia/Beirut]","result":"SUCCESS","precondition":false,"level":0,"children":[{"number":14,"description":"Is the home page","duration":913,"startTime":"2025-05-03T14:22:12.564158+03:00[Asia/Beirut]","result":"SUCCESS","precondition":false,"level":1},{"number":15,"description":"Navigate to category: Men, Tops, Tanks","duration":1286,"startTime":"2025-05-03T14:22:13.477264400+03:00[Asia/Beirut]","result":"SUCCESS","precondition":false,"level":1},{"number":16,"description":"Should see product with title: Cassius Sparring Tank","duration":205,"startTime":"2025-05-03T14:22:14.764064200+03:00[Asia/Beirut]","result":"SUCCESS","precondition":false,"level":1}]}],"userStory":{"id":"org.example.features.search.ValidCategoryNavigationStory","storyName":"Valid category navigation story","storyClassName":"org.example.features.search.ValidCategoryNavigationStory","path":"search","type":"story"},"featureTag":{"name":"Search/Valid category navigation story","type":"story","displayName":"Search/Valid category navigation story"},"title":"User should be able to navigate to given category valid","tags":[{"name":"Search/Valid category navigation story","type":"story","displayName":"Valid category navigation story"},{"name":"Search","type":"feature","displayName":"Search"},{"name":"Search","type":"capability","displayName":"Search for definitions"}],"startTime":"2025-05-03T14:22:14.972041600+03:00[Asia/Beirut]","duration":0,"isManualTestingUpToDate":false,"dataTable":{"headers":["topMenu","subMenu","category","searchResult"],"rows":[{"values":["Women","Tops","Tees","Desiree Fitness Tee"],"lineNumber":0,"result":"SUCCESS"},{"values":["Women","Tops","Jackets","Juno Jacket"],"lineNumber":0,"result":"SUCCESS"},{"values":["Women","Tops","Hoodies \u0026 Sweatshirts","Circe Hooded Ice Fleece"],"lineNumber":0,"result":"SUCCESS"},{"values":["Men","Tops","Tanks","Cassius Sparring Tank"],"lineNumber":0,"result":"SUCCESS"}],"predefinedRows":false,"dataSetDescriptors":[{"startRow":0,"rowCount":0}]},"manual":false,"result":"SUCCESS"}