{"name":"user_should_be_able_to_navigate_to_given_category_invalid","id":"org.example.features.search.InvalidCategoryNavigationStory:user_should_be_able_to_navigate_to_given_category_invalid","testCaseName":"org.example.features.search.InvalidCategoryNavigationStory","testSteps":[{"number":1,"description":"User should be able to navigate to given category invalid Women","duration":4703,"startTime":"2025-05-03T14:22:04.917699700+03:00[Asia/Beirut]","result":"SUCCESS","precondition":false,"level":0,"children":[{"number":2,"description":"Is the home page","duration":2421,"startTime":"2025-05-03T14:21:57.514721700+03:00[Asia/Beirut]","result":"SUCCESS","precondition":false,"level":1},{"number":3,"description":"Navigate to category: Women, Tops, Tees","duration":1363,"startTime":"2025-05-03T14:21:59.937401700+03:00[Asia/Beirut]","result":"SUCCESS","precondition":false,"level":1},{"number":4,"description":"Should not see product with title: WebTestingWasInventedByAReallyEvilManOrWomanOrSomething","duration":919,"startTime":"2025-05-03T14:22:01.301665500+03:00[Asia/Beirut]","result":"SUCCESS","precondition":false,"level":1}]},{"number":5,"description":"User should be able to navigate to given category invalid Men","duration":2379,"startTime":"2025-05-03T14:22:04.917699700+03:00[Asia/Beirut]","result":"SUCCESS","precondition":false,"level":0,"children":[{"number":6,"description":"Is the home page","duration":859,"startTime":"2025-05-03T14:22:02.394849900+03:00[Asia/Beirut]","result":"SUCCESS","precondition":false,"level":1},{"number":7,"description":"Navigate to category: Men, Bottoms, Pants","duration":1321,"startTime":"2025-05-03T14:22:03.254869200+03:00[Asia/Beirut]","result":"SUCCESS","precondition":false,"level":1},{"number":8,"description":"Should not see product with title: NoPantsCouldFillAllTheAngerIFeelNowDueToThisStupidWebTesting","duration":199,"startTime":"2025-05-03T14:22:04.576453800+03:00[Asia/Beirut]","result":"SUCCESS","precondition":false,"level":1}]}],"userStory":{"id":"org.example.features.search.InvalidCategoryNavigationStory","storyName":"Invalid category navigation story","storyClassName":"org.example.features.search.InvalidCategoryNavigationStory","path":"search","type":"story"},"featureTag":{"name":"Search/Invalid category navigation story","type":"story","displayName":"Search/Invalid category navigation story"},"title":"User should be able to navigate to given category invalid","tags":[{"name":"Search/Invalid category navigation story","type":"story","displayName":"Invalid category navigation story"},{"name":"Search","type":"feature","displayName":"Search"},{"name":"Search","type":"capability","displayName":"Search for definitions"}],"startTime":"2025-05-03T14:22:04.777057300+03:00[Asia/Beirut]","duration":0,"isManualTestingUpToDate":false,"dataTable":{"headers":["topMenu","subMenu","category","searchResult"],"rows":[{"values":["Women","Tops","Tees","WebTestingWasInventedByAReallyEvilManOrWomanOrSomething"],"lineNumber":0,"result":"SUCCESS"},{"values":["Men","Bottoms","Pants","NoPantsCouldFillAllTheAngerIFeelNowDueToThisStupidWebTesting"],"lineNumber":0,"result":"SUCCESS"}],"predefinedRows":false,"dataSetDescriptors":[{"startRow":0,"rowCount":0}]},"manual":false,"result":"SUCCESS"}