{"name":"attempting_to_login_with_valid_data","id":"org.example.features.login.ValidLoginStory:attempting_to_login_with_valid_data","testCaseName":"org.example.features.login.ValidLoginStory","testSteps":[{"number":1,"description":"Attempting to login with valid data user12345@email.com","duration":7323,"startTime":"2025-05-03T14:21:57.081015800+03:00[Asia/Beirut]","result":"SUCCESS","precondition":false,"level":0,"children":[{"number":2,"description":"Is the home page","duration":3284,"startTime":"2025-05-03T14:21:42.017132200+03:00[Asia/Beirut]","screenshots":[{"screenshot":"4add39b0f6062e21fefbed5ba542bd14b7791bc26c1c9dcee7898cd1c2f78538.png","timeStamp":1746271305301}],"result":"SUCCESS","precondition":false,"level":1},{"number":3,"description":"Attempt to login","duration":1102,"startTime":"2025-05-03T14:21:45.302693200+03:00[Asia/Beirut]","screenshots":[{"screenshot":"933e48c68925e60ffb68c345ba9f04c55d6519f7f39c06f87ba4fd564549cc6a.png","timeStamp":1746271306404}],"result":"SUCCESS","precondition":false,"level":1},{"number":4,"description":"Should be on right login page","duration":6,"startTime":"2025-05-03T14:21:46.405929600+03:00[Asia/Beirut]","screenshots":[{"screenshot":"933e48c68925e60ffb68c345ba9f04c55d6519f7f39c06f87ba4fd564549cc6a.png","timeStamp":1746271306412}],"result":"SUCCESS","precondition":false,"level":1},{"number":5,"description":"Attempt to insert login data: user12345@email.com, imUrV.!bp9rLNSE","duration":741,"startTime":"2025-05-03T14:21:46.413939600+03:00[Asia/Beirut]","screenshots":[{"screenshot":"d8af33dfce64b4107a138eaf52918a02ab6974aea7b1e5bcb981ba9d55416ead.png","timeStamp":1746271307155}],"result":"SUCCESS","precondition":false,"level":1},{"number":6,"description":"Attempt to click login button","duration":2184,"startTime":"2025-05-03T14:21:47.156811500+03:00[Asia/Beirut]","screenshots":[{"screenshot":"28465a738a5c27025824cb9a01b35f6fbabe57e61ca14bc89a5f1df3d30c7c7d.png","timeStamp":1746271309341}],"result":"SUCCESS","precondition":false,"level":1},{"number":7,"description":"Should be on the main page","duration":6,"startTime":"2025-05-03T14:21:49.342807500+03:00[Asia/Beirut]","screenshots":[{"screenshot":"28465a738a5c27025824cb9a01b35f6fbabe57e61ca14bc89a5f1df3d30c7c7d.png","timeStamp":1746271309349}],"result":"SUCCESS","precondition":false,"level":1}]},{"number":8,"description":"Attempting to login with valid data anotheruser12345@email.com","duration":6976,"startTime":"2025-05-03T14:21:57.081015800+03:00[Asia/Beirut]","result":"SUCCESS","precondition":false,"level":0,"children":[{"number":9,"description":"Is the home page","duration":3038,"startTime":"2025-05-03T14:21:49.714052900+03:00[Asia/Beirut]","screenshots":[{"screenshot":"ae331c535bc28f849fc3addb1948d127eb60af1ba87d20bb598a72f506674fb7.png","timeStamp":1746271312752}],"result":"SUCCESS","precondition":false,"level":1},{"number":10,"description":"Attempt to login","duration":1121,"startTime":"2025-05-03T14:21:52.753903700+03:00[Asia/Beirut]","screenshots":[{"screenshot":"933e48c68925e60ffb68c345ba9f04c55d6519f7f39c06f87ba4fd564549cc6a.png","timeStamp":1746271313875}],"result":"SUCCESS","precondition":false,"level":1},{"number":11,"description":"Should be on right login page","duration":8,"startTime":"2025-05-03T14:21:53.875265+03:00[Asia/Beirut]","screenshots":[{"screenshot":"933e48c68925e60ffb68c345ba9f04c55d6519f7f39c06f87ba4fd564549cc6a.png","timeStamp":1746271313883}],"result":"SUCCESS","precondition":false,"level":1},{"number":12,"description":"Attempt to insert login data: anotheruser12345@email.com, imUrV.!bp9rLNSE","duration":717,"startTime":"2025-05-03T14:21:53.884644+03:00[Asia/Beirut]","screenshots":[{"screenshot":"3ef753a4060cd981078a4895547550520480c14d438c4739e393e53a3e3aa8d6.png","timeStamp":1746271314602}],"result":"SUCCESS","precondition":false,"level":1},{"number":13,"description":"Attempt to click login button","duration":2085,"startTime":"2025-05-03T14:21:54.602347+03:00[Asia/Beirut]","screenshots":[{"screenshot":"28465a738a5c27025824cb9a01b35f6fbabe57e61ca14bc89a5f1df3d30c7c7d.png","timeStamp":1746271316687}],"result":"SUCCESS","precondition":false,"level":1},{"number":14,"description":"Should be on the main page","duration":7,"startTime":"2025-05-03T14:21:56.688647300+03:00[Asia/Beirut]","screenshots":[{"screenshot":"28465a738a5c27025824cb9a01b35f6fbabe57e61ca14bc89a5f1df3d30c7c7d.png","timeStamp":1746271316695}],"result":"SUCCESS","precondition":false,"level":1}]}],"userStory":{"id":"org.example.features.login.ValidLoginStory","storyName":"Valid login story","storyClassName":"org.example.features.login.ValidLoginStory","path":"login","type":"story"},"featureTag":{"name":"Login/Valid login story","type":"story","displayName":"Login/Valid login story"},"title":"Attempting to login with valid data","coreIssues":["#WIKI-1"],"tags":[{"name":"Login","type":"feature","displayName":"Login"},{"name":"Login/Valid login story","type":"story","displayName":"Valid login story"}],"startTime":"2025-05-03T14:21:56.872256+03:00[Asia/Beirut]","duration":0,"isManualTestingUpToDate":false,"dataTable":{"headers":["email","password"],"rows":[{"values":["user12345@email.com","imUrV.!bp9rLNSE"],"lineNumber":0,"result":"SUCCESS"},{"values":["anotheruser12345@email.com","imUrV.!bp9rLNSE"],"lineNumber":0,"result":"SUCCESS"}],"predefinedRows":false,"dataSetDescriptors":[{"startRow":0,"rowCount":0}]},"manual":false,"result":"SUCCESS","issues":["#WIKI-1"]}