{"name":"attempting_to_login_with_invalid_data","id":"org.example.features.login.InvalidLoginStory:attempting_to_login_with_invalid_data","testCaseName":"org.example.features.login.InvalidLoginStory","testSteps":[{"number":1,"description":"Attempting to login with invalid data invalidpassword","duration":21570,"startTime":"2025-05-03T14:21:40.644419700+03:00[Asia/Beirut]","result":"SUCCESS","precondition":false,"level":0,"children":[{"number":2,"description":"Is the home page","duration":4048,"startTime":"2025-05-03T14:21:08.665940100+03:00[Asia/Beirut]","screenshots":[{"screenshot":"716e63341b02db18a103231e39c15953a2e86a2441724e37043983672c993c63.png","timeStamp":1746271272714}],"result":"SUCCESS","precondition":false,"level":1},{"number":3,"description":"Attempt to login","duration":10335,"startTime":"2025-05-03T14:21:12.717186500+03:00[Asia/Beirut]","screenshots":[{"screenshot":"933e48c68925e60ffb68c345ba9f04c55d6519f7f39c06f87ba4fd564549cc6a.png","timeStamp":1746271283053}],"result":"SUCCESS","precondition":false,"level":1},{"number":4,"description":"Should be on right login page","duration":14,"startTime":"2025-05-03T14:21:23.054108700+03:00[Asia/Beirut]","screenshots":[{"screenshot":"933e48c68925e60ffb68c345ba9f04c55d6519f7f39c06f87ba4fd564549cc6a.png","timeStamp":1746271283068}],"result":"SUCCESS","precondition":false,"level":1},{"number":5,"description":"Attempt to insert login data: invalidemail@invalidemail.com, invalidpassword","duration":794,"startTime":"2025-05-03T14:21:23.071122700+03:00[Asia/Beirut]","screenshots":[{"screenshot":"ce855392a413cd8eea80703c0dcf73d98a94935070f9b62fb82c4736bd7ca1ee.png","timeStamp":1746271283865}],"result":"SUCCESS","precondition":false,"level":1},{"number":6,"description":"Attempt to click login button","duration":6344,"startTime":"2025-05-03T14:21:23.867957500+03:00[Asia/Beirut]","screenshots":[{"screenshot":"c4759c3d93098ff773424f0d7d2ba1a4d9c2a9515957b577c811ee6c200c4e37.png","timeStamp":1746271290212}],"result":"SUCCESS","precondition":false,"level":1},{"number":7,"description":"Should see login error message","duration":35,"startTime":"2025-05-03T14:21:30.213559+03:00[Asia/Beirut]","screenshots":[{"screenshot":"c4759c3d93098ff773424f0d7d2ba1a4d9c2a9515957b577c811ee6c200c4e37.png","timeStamp":1746271290248}],"result":"SUCCESS","precondition":false,"level":1}]},{"number":8,"description":"Attempting to login with invalid data anotherinvalidpassword","duration":9292,"startTime":"2025-05-03T14:21:40.644419700+03:00[Asia/Beirut]","result":"SUCCESS","precondition":false,"level":0,"children":[{"number":9,"description":"Is the home page","duration":2572,"startTime":"2025-05-03T14:21:30.985131300+03:00[Asia/Beirut]","screenshots":[{"screenshot":"ae331c535bc28f849fc3addb1948d127eb60af1ba87d20bb598a72f506674fb7.png","timeStamp":1746271293557}],"result":"SUCCESS","precondition":false,"level":1},{"number":10,"description":"Attempt to login","duration":3198,"startTime":"2025-05-03T14:21:33.559879600+03:00[Asia/Beirut]","screenshots":[{"screenshot":"933e48c68925e60ffb68c345ba9f04c55d6519f7f39c06f87ba4fd564549cc6a.png","timeStamp":1746271296758}],"result":"SUCCESS","precondition":false,"level":1},{"number":11,"description":"Should be on right login page","duration":8,"startTime":"2025-05-03T14:21:36.758473+03:00[Asia/Beirut]","screenshots":[{"screenshot":"933e48c68925e60ffb68c345ba9f04c55d6519f7f39c06f87ba4fd564549cc6a.png","timeStamp":1746271296766}],"result":"SUCCESS","precondition":false,"level":1},{"number":12,"description":"Attempt to insert login data: anotherinvalidemail@invalidemail.com, anotherinvalidpassword","duration":766,"startTime":"2025-05-03T14:21:36.767465900+03:00[Asia/Beirut]","screenshots":[{"screenshot":"8fcdb350145b7b91a9e738c2cd354b2ba503d1bd2eb48284971e03f162d6cd63.png","timeStamp":1746271297534}],"result":"SUCCESS","precondition":false,"level":1},{"number":13,"description":"Attempt to click login button","duration":2712,"startTime":"2025-05-03T14:21:37.535392700+03:00[Asia/Beirut]","screenshots":[{"screenshot":"be9411ca00e2b1648dca2fb41bc1e250848839f5de8f1d319488a464b0010894.png","timeStamp":1746271300247}],"result":"SUCCESS","precondition":false,"level":1},{"number":14,"description":"Should see login error message","duration":36,"startTime":"2025-05-03T14:21:40.248608600+03:00[Asia/Beirut]","screenshots":[{"screenshot":"be9411ca00e2b1648dca2fb41bc1e250848839f5de8f1d319488a464b0010894.png","timeStamp":1746271300285}],"result":"SUCCESS","precondition":false,"level":1}]}],"userStory":{"id":"org.example.features.login.InvalidLoginStory","storyName":"Invalid login story","storyClassName":"org.example.features.login.InvalidLoginStory","path":"login","type":"story"},"featureTag":{"name":"Login/Invalid login story","type":"story","displayName":"Login/Invalid login story"},"title":"Attempting to login with invalid data","coreIssues":["#WIKI-1"],"tags":[{"name":"Login/Invalid login story","type":"story","displayName":"Invalid login story"},{"name":"Login","type":"feature","displayName":"Login"}],"startTime":"2025-05-03T14:21:40.434731300+03:00[Asia/Beirut]","duration":0,"isManualTestingUpToDate":false,"dataTable":{"headers":["email","password"],"rows":[{"values":["invalidemail@invalidemail.com","invalidpassword"],"lineNumber":0,"result":"SUCCESS"},{"values":["anotherinvalidemail@invalidemail.com","anotherinvalidpassword"],"lineNumber":0,"result":"SUCCESS"}],"predefinedRows":false,"dataSetDescriptors":[{"startRow":0,"rowCount":0}]},"manual":false,"result":"SUCCESS","issues":["#WIKI-1"]}