[{"displayName":"Login","name":"Login","id":"Login","type":"feature","path":"","narrative":{"name":"Narrative","text":""},"children":[{"displayName":"Invalid login story","name":"Invalid login story","id":"Invalid login story","type":"story","path":"login","narrative":{"name":"Narrative","text":""},"parent":"Login","scenarioTags":{},"containsNoScenarios":false},{"displayName":"Valid login story","name":"Valid login story","id":"Valid login story","type":"story","path":"login","narrative":{"name":"Narrative","text":""},"parent":"Login","scenarioTags":{},"containsNoScenarios":false}],"scenarioTags":{},"containsNoScenarios":false},{"displayName":"Search","name":"Search","id":"Search","type":"feature","path":"","narrative":{"name":"Narrative","text":""},"children":[{"displayName":"Invalid category navigation story","name":"Invalid category navigation story","id":"Invalid category navigation story","type":"story","path":"search","narrative":{"name":"Narrative","text":""},"parent":"Search","scenarioTags":{},"containsNoScenarios":false},{"displayName":"Valid category navigation story","name":"Valid category navigation story","id":"Valid category navigation story","type":"story","path":"search","narrative":{"name":"Narrative","text":""},"parent":"Search","scenarioTags":{},"containsNoScenarios":false}],"scenarioTags":{},"containsNoScenarios":false}]